M,N,num_warps,cand,is_legal,LocalLoad,lanePart_M,warpPart_M,derived_M_elems_per_part,regs,median_us,time_per_cta_ns,effective_gbps,vs_default_pct,transitions,repeat_status
32,16,4,default,True,ld.shared.v4.b16,8,4,1,21,43.22,10.55,97.05,+0.00%,BASELINE,none
32,16,4,8,False,-,-,-,-,-,-,-,-,-,-,INVALID
32,16,4,4,True,ld.shared.v4.b16,8,4,1,21,42.83,10.46,97.92,-0.89%,,none
32,16,4,2,True,ldmatrix.sync.aligned.m8n8.x2.shared.b16,4,4,2,22,42.61,10.40,98.44,-1.41%,T1:lanePart_change;T4:ldmatrix_transition;T6:st_shared_traffic(3->1),none
32,16,4,1,True,ld.shared.b16,2,4,4,21,42.86,10.46,97.85,-0.81%,T1:lanePart_change,none
32,16,8,default,True,ldmatrix.sync.aligned.m8n8.x1.shared.b16,4,8,1,22,45.09,11.01,93.02,+0.00%,BASELINE,none
32,16,8,8,False,-,-,-,-,-,-,-,-,-,-,INVALID
32,16,8,4,False,-,-,-,-,-,-,-,-,-,-,INVALID
32,16,8,2,True,ldmatrix.sync.aligned.m8n8.x1.shared.b16,4,8,1,22,45.14,11.02,92.93,+0.11%,,none
32,16,8,1,True,ld.shared.b16,2,8,2,21,44.70,10.91,93.82,-0.85%,T1:lanePart_change;T4:ldmatrix_transition,none
32,32,4,default,True,ld.shared.v4.b32,8,4,1,29,45.06,11.00,186.18,+0.00%,BASELINE,none
32,32,4,8,True,ld.shared.v4.b32,8,4,1,29,45.14,11.02,185.85,+0.18%,,none
32,32,4,4,True,ld.shared.v4.b16,4,4,2,20,44.90,10.96,186.85,-0.36%,T1:lanePart_change;T6:st_shared_traffic(5->3),none
32,32,4,2,True,ldmatrix.sync.aligned.m8n8.x4.shared.b16,2,4,4,22,45.22,11.04,185.52,+0.36%,T1:lanePart_change;T4:ldmatrix_transition;T6:st_shared_traffic(5->3),none
32,32,4,1,True,ld.shared.b16,1,4,8,22,44.99,10.98,186.45,-0.14%,T1:lanePart_change;T6:st_shared_traffic(5->3),none
32,32,8,default,True,ld.shared.v4.b16,4,8,1,20,46.74,11.41,179.49,+0.00%,BASELINE,none
32,32,8,8,False,-,-,-,-,-,-,-,-,-,-,INVALID
32,32,8,4,True,ld.shared.v4.b16,4,8,1,20,46.91,11.45,178.82,+0.38%,,none
32,32,8,2,True,ldmatrix.sync.aligned.m8n8.x2.shared.b16,2,8,2,20,46.58,11.37,180.11,-0.34%,T1:lanePart_change;T4:ldmatrix_transition;T6:st_shared_traffic(4->3),none
32,32,8,1,True,ld.shared.b16,1,8,4,22,46.61,11.38,179.98,-0.27%,T1:lanePart_change;T6:st_shared_traffic(4->3),none
32,64,4,default,True,ld.shared.v4.b32,4,4,2,28,43.73,10.68,383.67,+0.00%,BASELINE,none
32,64,4,8,True,ld.shared.v4.b32,4,4,2,28,43.70,10.67,383.95,-0.07%,,none
32,64,4,4,True,ld.shared.v2.b32,2,4,4,22,43.66,10.66,384.23,-0.15%,T1:lanePart_change;T6:st_shared_traffic(5->4),none
32,64,4,2,True,ldmatrix.sync.aligned.m8n8.x4.shared.b16,1,4,8,22,43.58,10.64,384.94,-0.33%,T1:lanePart_change;T4:ldmatrix_transition;T6:st_shared_traffic(5->3),none
32,64,4,1,True,ld.shared.b16,1,2,16,26,43.62,10.65,384.66,-0.26%,T2:warpPart_decrease;T6:st_shared_traffic(5->3),none
32,64,8,default,True,ld.shared.v4.b32,4,8,1,29,45.47,11.10,368.96,+0.00%,BASELINE,none
32,64,8,8,True,ld.shared.v4.b32,4,8,1,29,45.46,11.10,369.09,-0.04%,,none
32,64,8,4,True,ld.shared.v2.b32,2,8,2,22,42.80,10.45,391.99,-5.88%,T1:lanePart_change;T6:st_shared_traffic(7->4),reproduced
32,64,8,2,True,ldmatrix.sync.aligned.m8n8.x4.shared.b16,1,8,4,21,42.18,10.30,397.79,-7.25%,T1:lanePart_change;T4:ldmatrix_transition;T6:st_shared_traffic(7->3),reproduced
32,64,8,1,True,ld.shared.b16,1,4,8,21,42.05,10.27,399.00,-7.53%,T2:warpPart_decrease;T6:st_shared_traffic(7->3),reproduced
32,128,4,default,True,ld.shared.v4.b32,2,4,4,32,44.66,10.90,751.40,+0.00%,BASELINE,none
32,128,4,8,True,ld.shared.v4.b32,2,4,4,32,44.58,10.88,752.75,-0.18%,,none
32,128,4,4,True,ld.shared.v2.b32,1,4,8,25,43.79,10.69,766.22,-1.93%,T1:lanePart_change;T6:st_shared_traffic(7->4),none
32,128,4,2,True,ldmatrix.sync.aligned.m8n8.x4.shared.b16,1,2,16,23,43.89,10.71,764.55,-1.72%,T2:warpPart_decrease;T4:ldmatrix_transition;T6:st_shared_traffic(7->5),none
32,128,4,1,True,ld.shared.b16,1,1,32,32,43.54,10.63,770.73,-2.51%,T3:warpPart_eq_1;T6:st_shared_traffic(7->1),none
32,128,8,default,True,ld.shared.v4.b32,2,8,2,32,47.10,11.50,712.35,+0.00%,BASELINE,none
32,128,8,8,True,ld.shared.v4.b32,2,8,2,32,47.30,11.55,709.46,+0.41%,,none
32,128,8,4,True,ld.shared.v2.b32,1,8,4,21,44.96,10.98,746.32,-4.55%,T1:lanePart_change;T6:st_shared_traffic(7->4),reproduced
32,128,8,2,True,ldmatrix.sync.aligned.m8n8.x4.shared.b16,1,4,8,22,45.17,11.03,742.88,-4.11%,T2:warpPart_decrease;T4:ldmatrix_transition;T6:st_shared_traffic(7->5),reproduced
32,128,8,1,True,ld.shared.b16,1,2,16,25,45.01,10.99,745.52,-4.45%,T2:warpPart_decrease;T6:st_shared_traffic(7->3),reproduced
32,256,4,default,True,ld.shared.v4.b32,1,4,8,32,58.14,14.20,1154.18,+0.00%,BASELINE,none
32,256,4,8,True,ld.shared.v4.b32,1,4,8,32,57.98,14.16,1157.37,-0.28%,,none
32,256,4,4,True,ld.shared.v2.b32,1,2,16,39,57.46,14.03,1168.00,-1.18%,T2:warpPart_decrease;T6:st_shared_traffic(7->5),none
32,256,4,2,True,ldmatrix.sync.aligned.m8n8.x4.shared.b16,1,1,32,32,57.52,14.04,1166.70,-1.07%,T3:warpPart_eq_1;T4:ldmatrix_transition;T6:st_shared_traffic(7->1),none
32,256,4,1,True,ld.shared.b16,1,1,32,37,57.65,14.07,1164.11,-0.85%,T3:warpPart_eq_1;T6:st_shared_traffic(7->3),none
32,256,8,default,True,ld.shared.v4.b32,1,8,4,32,56.88,13.89,1179.83,+0.00%,BASELINE,none
32,256,8,8,True,ld.shared.v4.b32,1,8,4,32,56.85,13.88,1180.50,-0.06%,,none
32,256,8,4,True,ld.shared.v2.b32,1,4,8,24,56.43,13.78,1189.20,-0.79%,T2:warpPart_decrease;T6:st_shared_traffic(7->4),none
32,256,8,2,True,ldmatrix.sync.aligned.m8n8.x4.shared.b16,1,2,16,23,55.65,13.59,1205.95,-2.17%,T2:warpPart_decrease;T4:ldmatrix_transition;T6:st_shared_traffic(7->5),none
32,256,8,1,True,ld.shared.b16,1,1,32,32,55.79,13.62,1202.84,-1.91%,T3:warpPart_eq_1;T6:st_shared_traffic(7->1),none
64,16,4,default,True,ld.shared.v4.b32,16,4,1,31,45.12,11.02,185.92,+0.00%,BASELINE,none
64,16,4,8,True,ld.shared.v4.b32,16,4,1,31,44.78,10.93,187.31,-0.74%,,none
64,16,4,4,True,ld.shared.v4.b16,8,4,2,21,45.12,11.02,185.92,+0.00%,T1:lanePart_change;T6:st_shared_traffic(5->3),none
64,16,4,2,True,ldmatrix.sync.aligned.m8n8.x4.shared.b16,4,4,4,22,44.83,10.95,187.11,-0.64%,T1:lanePart_change;T4:ldmatrix_transition;T6:st_shared_traffic(5->1),none
64,16,4,1,True,ld.shared.b16,2,4,8,21,44.58,10.88,188.19,-1.21%,T1:lanePart_change;T6:st_shared_traffic(5->3),none
64,16,8,default,True,ld.shared.v4.b16,8,8,1,21,43.23,10.55,194.04,+0.00%,BASELINE,none
64,16,8,8,False,-,-,-,-,-,-,-,-,-,-,INVALID
64,16,8,4,True,ld.shared.v4.b16,8,8,1,21,43.18,10.54,194.25,-0.11%,,none
64,16,8,2,True,ldmatrix.sync.aligned.m8n8.x2.shared.b16,4,8,2,22,43.02,10.50,194.98,-0.48%,T1:lanePart_change;T4:ldmatrix_transition,none
64,16,8,1,True,ld.shared.b16,2,8,4,21,42.80,10.45,196.00,-1.00%,T1:lanePart_change,none
64,32,4,default,True,ld.shared.v4.b32,8,4,2,29,42.02,10.26,399.31,+0.00%,BASELINE,none
64,32,4,8,True,ld.shared.v4.b32,8,4,2,29,42.22,10.31,397.34,+0.50%,,none
64,32,4,4,True,ld.shared.v4.b16,4,4,4,22,42.11,10.28,398.40,+0.23%,T1:lanePart_change;T6:st_shared_traffic(5->3),none
64,32,4,2,True,ldmatrix.sync.aligned.m8n8.x4.shared.b16,2,4,8,21,42.19,10.30,397.64,+0.42%,T1:lanePart_change;T4:ldmatrix_transition;T6:st_shared_traffic(5->3),none
64,32,4,1,True,ld.shared.b16,1,4,16,23,42.30,10.33,396.59,+0.69%,T1:lanePart_change;T6:st_shared_traffic(5->3),none
64,32,8,default,True,ld.shared.v4.b32,8,8,1,29,46.66,11.39,359.59,+0.00%,BASELINE,none
64,32,8,8,True,ld.shared.v4.b32,8,8,1,29,46.66,11.39,359.59,+0.00%,,none
64,32,8,4,True,ld.shared.v4.b16,4,8,2,22,45.63,11.14,367.66,-2.19%,T1:lanePart_change;T6:st_shared_traffic(5->4),none
64,32,8,2,True,ldmatrix.sync.aligned.m8n8.x4.shared.b16,2,8,4,21,45.76,11.17,366.63,-1.92%,T1:lanePart_change;T4:ldmatrix_transition;T6:st_shared_traffic(5->3),none
64,32,8,1,True,ld.shared.b16,1,8,8,21,45.47,11.10,368.96,-2.54%,T1:lanePart_change;T6:st_shared_traffic(5->3),none
64,64,4,default,True,ld.shared.v4.b32,4,4,4,28,45.04,11.00,744.99,+0.00%,BASELINE,none
64,64,4,8,True,ld.shared.v4.b32,4,4,4,28,45.12,11.02,743.67,+0.18%,,none
64,64,4,4,True,ld.shared.v2.b32,2,4,8,22,44.74,10.92,750.05,-0.67%,T1:lanePart_change;T6:st_shared_traffic(5->4),none
64,64,4,2,True,ldmatrix.sync.aligned.m8n8.x4.shared.b16,1,4,16,22,44.74,10.92,750.05,-0.67%,T1:lanePart_change;T4:ldmatrix_transition;T6:st_shared_traffic(5->3),none
64,64,4,1,True,ld.shared.b16,1,2,32,32,44.74,10.92,750.05,-0.67%,T2:warpPart_decrease;T6:st_shared_traffic(5->3),none
64,64,8,default,True,ld.shared.v4.b32,4,8,2,29,49.33,12.04,680.23,+0.00%,BASELINE,none
64,64,8,8,True,ld.shared.v4.b32,4,8,2,29,49.36,12.05,679.79,+0.06%,,none
64,64,8,4,True,ld.shared.v2.b32,2,8,4,22,46.27,11.30,725.16,-6.20%,T1:lanePart_change;T6:st_shared_traffic(7->4),reproduced
64,64,8,2,True,ldmatrix.sync.aligned.m8n8.x4.shared.b16,1,8,8,22,46.13,11.26,727.42,-6.49%,T1:lanePart_change;T4:ldmatrix_transition;T6:st_shared_traffic(7->3),reproduced
64,64,8,1,True,ld.shared.b16,1,4,16,25,46.58,11.37,720.42,-5.58%,T2:warpPart_decrease;T6:st_shared_traffic(7->3),reproduced
64,128,4,default,True,ld.shared.v4.b32,2,4,8,38,58.13,14.19,1154.50,+0.00%,BASELINE,none
64,128,4,8,True,ld.shared.v4.b32,2,4,8,38,57.90,14.14,1158.97,-0.39%,,none
64,128,4,4,True,ld.shared.v2.b32,1,4,16,32,58.05,14.17,1156.09,-0.14%,T1:lanePart_change;T6:st_shared_traffic(7->4),none
64,128,4,2,True,ldmatrix.sync.aligned.m8n8.x4.shared.b16,1,2,32,34,57.74,14.10,1162.18,-0.66%,T2:warpPart_decrease;T4:ldmatrix_transition;T6:st_shared_traffic(7->5),none
64,128,4,1,True,ld.shared.b16,1,1,64,32,57.89,14.13,1159.29,-0.41%,T3:warpPart_eq_1;T6:st_shared_traffic(7->1),none
64,128,8,default,True,ld.shared.v4.b32,2,8,4,32,56.16,13.71,1194.96,+0.00%,BASELINE,none
64,128,8,8,True,ld.shared.v4.b32,2,8,4,32,56.03,13.68,1197.69,-0.23%,,none
64,128,8,4,True,ld.shared.v2.b32,1,8,8,24,55.15,13.46,1216.80,-1.79%,T1:lanePart_change;T6:st_shared_traffic(7->4),none
64,128,8,2,True,ldmatrix.sync.aligned.m8n8.x4.shared.b16,1,4,16,22,54.85,13.39,1223.54,-2.34%,T2:warpPart_decrease;T4:ldmatrix_transition;T6:st_shared_traffic(7->5),none
64,128,8,1,True,ld.shared.b16,1,2,32,32,55.18,13.47,1216.09,-1.74%,T2:warpPart_decrease;T6:st_shared_traffic(7->3),none
64,256,4,default,True,ld.shared.v4.b32,1,4,16,45,78.94,19.27,1700.16,+0.00%,BASELINE,none
64,256,4,8,True,ld.shared.v4.b32,1,4,16,45,78.91,19.27,1700.85,-0.04%,,none
64,256,4,4,True,ld.shared.v2.b32,1,2,32,34,78.56,19.18,1708.47,-0.49%,T2:warpPart_decrease;T6:st_shared_traffic(7->5),none
64,256,4,2,True,ldmatrix.sync.aligned.m8n8.x4.shared.b16,1,1,64,34,78.35,19.13,1713.01,-0.75%,T3:warpPart_eq_1;T4:ldmatrix_transition;T6:st_shared_traffic(7->1),none
64,256,4,1,True,ld.shared.b16,1,1,64,40,78.78,19.23,1703.62,-0.20%,T3:warpPart_eq_1;T6:st_shared_traffic(7->3),none
64,256,8,default,True,ld.shared.v4.b32,1,8,8,38,80.70,19.70,1663.09,+0.00%,BASELINE,none
64,256,8,8,True,ld.shared.v4.b32,1,8,8,38,80.54,19.66,1666.39,-0.20%,,none
64,256,8,4,True,ld.shared.v2.b32,1,4,16,37,80.32,19.61,1671.04,-0.48%,T2:warpPart_decrease;T6:st_shared_traffic(7->4),none
64,256,8,2,True,ldmatrix.sync.aligned.m8n8.x4.shared.b16,1,2,32,34,79.90,19.51,1679.74,-0.99%,T2:warpPart_decrease;T4:ldmatrix_transition;T6:st_shared_traffic(7->5),none
64,256,8,1,True,ld.shared.b16,1,1,64,32,79.98,19.53,1678.06,-0.89%,T3:warpPart_eq_1;T6:st_shared_traffic(7->1),none
128,16,4,default,True,ld.shared.v4.b32,16,4,2,31,43.66,10.66,384.23,+0.00%,BASELINE,none
128,16,4,8,True,ld.shared.v4.b32,16,4,2,31,43.76,10.68,383.39,+0.22%,,none
128,16,4,4,True,ld.shared.v4.b16,8,4,4,21,43.49,10.62,385.79,-0.40%,T1:lanePart_change;T6:st_shared_traffic(5->3),none
128,16,4,2,True,ldmatrix.sync.aligned.m8n8.x4.shared.b16,4,4,8,22,43.57,10.64,385.08,-0.22%,T1:lanePart_change;T4:ldmatrix_transition;T6:st_shared_traffic(5->1),none
128,16,4,1,True,ld.shared.b16,2,4,16,22,43.33,10.58,387.21,-0.77%,T1:lanePart_change;T6:st_shared_traffic(5->3),none
128,16,8,default,True,ld.shared.v4.b32,16,8,1,31,45.82,11.19,366.12,+0.00%,BASELINE,none
128,16,8,8,True,ld.shared.v4.b32,16,8,1,31,45.57,11.13,368.18,-0.56%,,none
128,16,8,4,True,ld.shared.v4.b16,8,8,2,21,43.09,10.52,389.37,-5.97%,T1:lanePart_change;T6:st_shared_traffic(5->3),reproduced
128,16,8,2,True,ldmatrix.sync.aligned.m8n8.x4.shared.b16,4,8,4,22,43.92,10.72,381.99,-4.16%,T1:lanePart_change;T4:ldmatrix_transition;T6:st_shared_traffic(5->3),reproduced
128,16,8,1,True,ld.shared.b16,2,8,8,21,42.98,10.49,390.39,-6.22%,T1:lanePart_change;T6:st_shared_traffic(5->3),reproduced
128,32,4,default,True,ld.shared.v4.b32,8,4,4,30,45.86,11.20,731.73,+0.00%,BASELINE,none
128,32,4,8,True,ld.shared.v4.b32,8,4,4,30,45.62,11.14,735.58,-0.52%,,none
128,32,4,4,True,ld.shared.v4.b16,4,4,8,22,45.65,11.14,735.07,-0.45%,T1:lanePart_change;T6:st_shared_traffic(5->3),none
128,32,4,2,True,ldmatrix.sync.aligned.m8n8.x4.shared.b16,2,4,16,23,45.23,11.04,741.83,-1.36%,T1:lanePart_change;T4:ldmatrix_transition;T6:st_shared_traffic(5->3),none
128,32,4,1,True,ld.shared.b16,1,4,32,32,45.36,11.07,739.74,-1.08%,T1:lanePart_change;T6:st_shared_traffic(5->3),none
128,32,8,default,True,ld.shared.v4.b32,8,8,2,29,46.54,11.36,720.92,+0.00%,BASELINE,none
128,32,8,8,True,ld.shared.v4.b32,8,8,2,29,46.72,11.41,718.20,+0.38%,,none
128,32,8,4,True,ld.shared.v4.b16,4,8,4,22,44.80,10.94,748.98,-3.75%,T1:lanePart_change;T6:st_shared_traffic(5->4),reproduced
128,32,8,2,True,ldmatrix.sync.aligned.m8n8.x4.shared.b16,2,8,8,21,44.64,10.90,751.67,-4.09%,T1:lanePart_change;T4:ldmatrix_transition;T6:st_shared_traffic(5->3),reproduced
128,32,8,1,True,ld.shared.b16,1,8,16,22,44.53,10.87,753.56,-4.33%,T1:lanePart_change;T6:st_shared_traffic(5->3),reproduced
128,64,4,default,True,ld.shared.v4.b32,4,4,8,32,55.22,13.48,1215.39,+0.00%,BASELINE,none
128,64,4,8,True,ld.shared.v4.b32,4,4,8,32,55.78,13.62,1203.19,+1.01%,,none
128,64,4,4,True,ld.shared.v2.b32,2,4,16,36,54.62,13.34,1228.56,-1.07%,T1:lanePart_change;T6:st_shared_traffic(5->4),none
128,64,4,2,True,ldmatrix.sync.aligned.m8n8.x4.shared.b16,1,4,32,34,54.59,13.33,1229.28,-1.13%,T1:lanePart_change;T4:ldmatrix_transition;T6:st_shared_traffic(5->3),none
128,64,4,1,True,ld.shared.b16,1,2,64,32,54.66,13.34,1227.84,-1.01%,T2:warpPart_decrease;T6:st_shared_traffic(5->3),none
128,64,8,default,True,ld.shared.v4.b32,4,8,4,29,57.15,13.95,1174.22,+0.00%,BASELINE,none
128,64,8,8,True,ld.shared.v4.b32,4,8,4,29,57.02,13.92,1176.85,-0.22%,,none
128,64,8,4,True,ld.shared.v2.b32,2,8,8,22,56.38,13.77,1190.21,-1.34%,T1:lanePart_change;T6:st_shared_traffic(7->4),none
128,64,8,2,True,ldmatrix.sync.aligned.m8n8.x4.shared.b16,1,8,16,24,55.76,13.61,1203.53,-2.44%,T1:lanePart_change;T4:ldmatrix_transition;T6:st_shared_traffic(7->3),none
128,64,8,1,True,ld.shared.b16,1,4,32,32,56.27,13.74,1192.58,-1.54%,T2:warpPart_decrease;T6:st_shared_traffic(7->3),none
128,128,4,default,True,ld.shared.v4.b32,2,4,16,36,77.92,19.02,1722.51,+0.00%,BASELINE,none
128,128,4,8,True,ld.shared.v4.b32,2,4,16,36,78.26,19.11,1715.11,+0.43%,,none
128,128,4,4,True,ld.shared.v2.b32,1,4,32,31,78.02,19.05,1720.39,+0.12%,T1:lanePart_change;T6:st_shared_traffic(7->4),none
128,128,4,2,True,ldmatrix.sync.aligned.m8n8.x4.shared.b16,1,2,64,32,77.66,18.96,1728.18,-0.33%,T2:warpPart_decrease;T4:ldmatrix_transition;T6:st_shared_traffic(7->5),none
128,128,4,1,True,ld.shared.b16,1,1,128,40,77.71,18.97,1727.12,-0.27%,T3:warpPart_eq_1;T6:st_shared_traffic(7->1),none
128,128,8,default,True,ld.shared.v4.b32,2,8,8,38,78.62,19.20,1707.08,+0.00%,BASELINE,none
128,128,8,8,True,ld.shared.v4.b32,2,8,8,38,78.66,19.20,1706.39,+0.04%,,none
128,128,8,4,True,ld.shared.v2.b32,1,8,16,36,78.10,19.07,1718.62,-0.67%,T1:lanePart_change;T6:st_shared_traffic(7->4),none
128,128,8,2,True,ldmatrix.sync.aligned.m8n8.x4.shared.b16,1,4,32,34,77.66,18.96,1728.18,-1.22%,T2:warpPart_decrease;T4:ldmatrix_transition;T6:st_shared_traffic(7->5),none
128,128,8,1,True,ld.shared.b16,1,2,64,32,77.76,18.98,1726.05,-1.10%,T2:warpPart_decrease;T6:st_shared_traffic(7->3),none
128,256,4,default,True,ld.shared.v4.b32,1,4,32,45,123.89,30.25,2166.76,+0.00%,BASELINE,none
128,256,4,8,True,ld.shared.v4.b32,1,4,32,45,123.87,30.24,2167.04,-0.01%,,none
128,256,4,4,True,ld.shared.v2.b32,1,2,64,36,123.66,30.19,2170.68,-0.18%,T2:warpPart_decrease;T6:st_shared_traffic(7->5),none
128,256,4,2,True,ldmatrix.sync.aligned.m8n8.x4.shared.b16,1,1,128,40,123.26,30.09,2177.73,-0.50%,T3:warpPart_eq_1;T4:ldmatrix_transition;T6:st_shared_traffic(7->1),none
128,256,4,1,True,ld.shared.b16,1,1,128,40,123.90,30.25,2166.48,+0.01%,T3:warpPart_eq_1;T6:st_shared_traffic(7->3),none
128,256,8,default,True,ld.shared.v4.b32,1,8,16,33,123.70,30.20,2170.12,+0.00%,BASELINE,none
128,256,8,8,True,ld.shared.v4.b32,1,8,16,33,123.81,30.23,2168.16,+0.09%,,none
128,256,8,4,True,ld.shared.v2.b32,1,4,32,36,123.17,30.07,2179.43,-0.43%,T2:warpPart_decrease;T6:st_shared_traffic(7->4),none
128,256,8,2,True,ldmatrix.sync.aligned.m8n8.x4.shared.b16,1,2,64,32,123.30,30.10,2177.16,-0.32%,T2:warpPart_decrease;T4:ldmatrix_transition;T6:st_shared_traffic(7->5),none
128,256,8,1,True,ld.shared.b16,1,1,128,37,123.70,30.20,2170.12,+0.00%,T3:warpPart_eq_1;T6:st_shared_traffic(7->1),none